INSERT INTO `muscle_groups` (`id`, `name`) VALUES
(1, 'chest'),
(2, 'shoulders'),
(3, 'biceps'),
(4, 'triceps'),
(5, 'forearms'),
(6, 'abs'),
(7, 'traps'),
(8, 'lats'),
(9, 'lower back'),
(10, 'glutes'),
(11, 'quads'),
(12, 'hamstrings'),
(13, 'calves');

INSERT INTO `exercises` (`id`, `name`, `description`, `user_id`, `updated_at`, `deleted_at`) VALUES
(1, 'bench press', 'Bench Press is a compound strength exercise that primarily targets the pectoralis major (chest muscles), while also engaging the triceps and anterior deltoids (front shoulders). The movement involves lying on a flat bench, lowering a barbell to your chest under control, and then pressing it upward until your arms are fully extended. It is one of the most effective exercises for building upper body strength and muscle mass.', NULL, '0000-00-00 00:00:00.000', NULL),
(2, 'bar dip', 'Bar Dips are a compound upper-body exercise that primarily targets the triceps, pectoralis major (chest), and anterior deltoids (front shoulders). The movement is performed on parallel bars by supporting your body with straight arms, then lowering your torso by bending your elbows until your shoulders drop slightly below your elbows, and pressing back up to full arm extension. This exercise helps build pushing strength and upper-body muscle mass.', NULL, '0000-00-00 00:00:00.000', NULL),
(3, 'cable chest press', 'Cable Chest Press is a chest-focused compound exercise performed using a cable machine. Standing or seated between two cable pulleys, you push the handles forward in a controlled motion while keeping your elbows slightly bent. The exercise primarily works the pectoralis major, with secondary activation of the triceps and anterior deltoids. Cables provide constant tension throughout the movement, which helps improve strength and muscle engagement across the full range of motion.', NULL, '0000-00-00 00:00:00.000', NULL),
(4, 'dumbbell chest fly', 'Dumbbell Chest Fly is an isolation exercise that primarily targets the pectoralis major. Performed on a flat, incline, or decline bench, you begin with dumbbells held above your chest and arms slightly bent. You then lower the weights out to the sides in a wide arc while maintaining the same elbow angle, feeling a stretch across the chest, before bringing the dumbbells back together over your chest. This exercise focuses on chest muscle expansion and definition rather than heavy pressing strength.', NULL, '0000-00-00 00:00:00.000', NULL),
(5, 'dumbbell chest press', 'Dumbbell Chest Press is a compound upper-body exercise that primarily targets the pectoralis major, while also engaging the triceps and anterior deltoids. Lying on a flat, incline, or decline bench, you press two dumbbells upward from chest level until your arms are fully extended, then lower them back down in a controlled motion. Using dumbbells allows for a greater range of motion and helps improve muscular balance between both sides of the body.', NULL, '0000-00-00 00:00:00.000', NULL),
(6, 'incline bench press', 'Incline Bench Press is a compound upper-body exercise that emphasizes the upper portion of the pectoralis major, while also working the anterior deltoids and triceps. Performed on a bench set at an incline angle (typically 30–45°), you lower the barbell to the upper chest in a controlled manner and then press it upward to full arm extension. This variation places more load on the upper chest compared to the flat bench press and contributes to a fuller, well-rounded chest development.', NULL, '0000-00-00 00:00:00.000', NULL),
(7, 'incline dumbbell press', 'Incline Dumbbell Press is a compound exercise that targets the upper chest (pectoralis major) while also engaging the triceps and anterior deltoids. Performed on a bench set at a 30–45° incline, you press two dumbbells upward from shoulder level until your arms are extended, then lower them back down with control. Using dumbbells increases the range of motion and helps improve muscular balance and stability in the upper body.', NULL, '0000-00-00 00:00:00.000', NULL),
(8, 'machine chest fly', 'Machine Chest Fly is an isolation exercise that primarily targets the pectoralis major with minimal involvement of the anterior deltoids and biceps as stabilizers. Sitting upright in a chest fly machine, you bring the handles together in front of your chest while keeping a slight bend in your elbows, then slowly return to the starting position. The guided path of the machine helps maintain proper form and constant tension on the chest muscles throughout the movement.', NULL, '0000-00-00 00:00:00.000', NULL),
(9, 'machine chest press', 'Machine Chest Press is a compound exercise that primarily targets the pectoralis major, with secondary involvement of the triceps and anterior deltoids. Seated in a chest press machine, you push the handles forward and extend your arms, then return to the starting position in a controlled manner. The machine provides a fixed movement path, helping maintain proper form and consistent tension on the muscles, making it a beginner-friendly and safe option for building upper-body pushing strength.', NULL, '0000-00-00 00:00:00.000', NULL),
(10, 'smith machine bench press', 'Smith Machine Bench Press is a compound upper-body exercise that targets the pectoralis major, with additional activation of the triceps and anterior deltoids. Performed on a flat bench under a guided bar path, you lower the bar to your chest and press it back up to full extension. The fixed trajectory of the Smith machine provides greater stability and control, allowing you to focus on muscle engagement and reduce the need for balance compared to a free-weight bench press.', NULL, '0000-00-00 00:00:00.000', NULL),
(11, 'machine shoulder press', 'Machine Shoulder Press is a compound exercise that primarily targets the anterior deltoids, while also engaging the lateral deltoids and triceps. Seated in a shoulder press machine, you press the handles upward until your arms are extended overhead, then lower them back down with control. The guided motion of the machine helps maintain proper form and stability, making it effective and safe for building overhead pressing strength.', NULL, '0000-00-00 00:00:00.000', NULL),
(12, 'overhead press', 'Overhead Press is a compound upper-body exercise that primarily targets the deltoid muscles—especially the anterior and lateral heads—while also engaging the triceps and upper trapezius. Standing with a barbell at shoulder height, you press it overhead until your arms are fully extended, then lower it back down under control. This movement builds overall shoulder strength, stability, and upper-body power.', NULL, '0000-00-00 00:00:00.000', NULL),
(13, 'dumbbell shoulder press', 'Dumbbell Shoulder Press is a compound exercise that targets the deltoids—particularly the anterior and lateral heads—while also working the triceps and stabilizing muscles of the upper back. Performed seated or standing, you press two dumbbells overhead from shoulder level until your arms are fully extended, then lower them back down in a controlled motion. Using dumbbells enhances shoulder stability and helps correct strength imbalances between sides.', NULL, '0000-00-00 00:00:00.000', NULL),
(14, 'dumbbell lateral raise', 'Dumbbell Lateral Raise is an isolation exercise that primarily targets the lateral deltoids, helping to build shoulder width and a broader upper body look. Standing or seated with a dumbbell in each hand, you raise your arms out to the sides until they reach shoulder height while keeping a slight bend in your elbows, then lower them back down under control. This exercise focuses on controlled movement rather than heavy weight to effectively engage the side shoulders.', NULL, '0000-00-00 00:00:00.000', NULL),
(15, 'dumbbell front raise', 'Dumbbell Front Raise is an isolation exercise that mainly targets the anterior deltoids (front of the shoulders). Standing or seated with a dumbbell in each hand, you lift the weights straight in front of you to shoulder height while keeping your arms slightly bent, then lower them back down slowly. This movement helps develop front shoulder strength and definition, contributing to improved pressing performance and upper-body aesthetics.', NULL, '0000-00-00 00:00:00.000', NULL),
(16, 'cable lateral raise', 'Cable Lateral Raise is an isolation exercise that primarily targets the lateral deltoids, helping create shoulder width and a stronger V-shape. Standing beside a low cable pulley, you lift the handle outward to the side until your arm reaches shoulder height while keeping a slight bend in the elbow, then lower it back under control. The cable provides constant tension throughout the movement, enhancing muscle activation compared to free weights.', NULL, '0000-00-00 00:00:00.000', NULL),
(17, 'cable front raise', 'Cable Front Raise is an isolation exercise that focuses on the anterior deltoids (front shoulders). Standing facing away from or toward a low cable pulley, you lift the handle straight forward to shoulder height with a slight bend in your elbow, then lower it back slowly. The cable provides continuous tension throughout the movement, improving muscle engagement and control compared to using dumbbells.', NULL, '0000-00-00 00:00:00.000', NULL),
(18, 'barbell upright row', 'Barbell Upright Row is a compound upper-body exercise that primarily targets the lateral deltoids and upper trapezius, with additional involvement of the biceps and forearms. Standing upright with the barbell held in front of your thighs, you pull the bar straight up toward your collarbone, keeping it close to your body and elbows leading the movement, then lower it back down under control. This exercise helps build shoulder width and upper back strength.', NULL, '0000-00-00 00:00:00.000', NULL),
(19, 'barbell behind neck press', 'Barbell Behind-the-Neck Press is a compound shoulder exercise that targets the deltoids, especially the lateral and anterior heads, while also engaging the triceps and upper trapezius. Seated or standing with a barbell resting across the upper back, you press the bar overhead until your arms are fully extended, then lower it behind the head in a controlled motion. This variation increases shoulder activation but requires good shoulder mobility to perform safely.', NULL, '0000-00-00 00:00:00.000', NULL),
(20, 'kettlebell press', 'Kettlebell Press is a compound exercise that targets the deltoids, triceps, and upper back stabilizers. Performed standing (or seated), you press a kettlebell overhead from shoulder level until your arm is fully extended, then lower it back with control. The offset handle and weight distribution of the kettlebell require greater shoulder stability and core engagement, helping to develop balanced upper-body strength.', NULL, '0000-00-00 00:00:00.000', NULL),
(21, 'barbell curl', 'Barbell Curl is an isolation exercise that primarily targets the biceps brachii, with additional involvement of the brachialis and forearms as stabilizers. Standing with a barbell held at arm’s length, you curl the weight upward by bending the elbows while keeping your upper arms stationary, then slowly lower it back down. This exercise is a classic movement for building biceps size and strength.', NULL, '0000-00-00 00:00:00.000', NULL),
(22, 'barbell preacher curl', 'Barbell Preacher Curl is an isolation exercise that targets the biceps brachii, with strong emphasis on the lower portion of the muscle and the brachialis. Performed while seated with your upper arms resting on a preacher bench, you curl the barbell upward while keeping your arms fixed against the pad, then lower it under control. The setup reduces momentum and helps maintain strict form, increasing focus on biceps activation.', NULL, '0000-00-00 00:00:00.000', NULL),
(23, 'dumbbell curl', 'Dumbbell Curl is an isolation exercise that primarily targets the biceps brachii, with the brachialis and brachioradialis assisting. Standing or seated with a dumbbell in each hand, you curl the weights upward by bending your elbows while keeping your upper arms stable, then lower them back down slowly. Using dumbbells allows each arm to work independently, helping improve muscle balance and control.', NULL, '0000-00-00 00:00:00.000', NULL),
(24, 'dumbbell preacher curl', 'Dumbbell Preacher Curl is an isolation exercise that targets the biceps brachii, especially the lower portion of the muscle, with additional involvement of the brachialis. Seated with your upper arm supported on a preacher bench, you curl a dumbbell upward while keeping the arm fixed in place, then lower it back in a controlled motion. This setup limits momentum and increases biceps tension throughout the movement, helping improve muscle strength and definition.', NULL, '0000-00-00 00:00:00.000', NULL),
(25, 'hammer curl', 'Hammer Curl is an isolation exercise that primarily targets the brachioradialis and brachialis, while also working the biceps brachii. Holding dumbbells with a neutral grip (palms facing each other), you curl the weights upward by bending your elbows while keeping your upper arms steady, then lower them back under control. This grip variation helps build forearm strength and overall arm thickness.', NULL, '0000-00-00 00:00:00.000', NULL),
(26, 'barbell standing triceps extension', 'Barbell Standing Triceps Extension is an isolation exercise that primarily targets the triceps brachii, especially the long head. Standing with a barbell held overhead, you lower the weight behind your head by bending your elbows, then extend your arms back to the starting position in a controlled motion. This exercise helps build triceps size and strength while improving overhead arm stability.', NULL, '0000-00-00 00:00:00.000', NULL),
(27, 'barbell incline triceps extension', 'Barbell Incline Triceps Extension is an isolation exercise that targets the triceps brachii, with strong emphasis on the long head due to the incline angle. Lying on an incline bench, you lower the barbell behind your head by bending your elbows, then extend your arms to lift the weight back up. The inclined position increases the stretch on the triceps, promoting greater muscle activation and growth.', NULL, '0000-00-00 00:00:00.000', NULL),
(28, 'tricep pushdown with bar', 'Tricep Pushdown With Bar is an isolation exercise that focuses on the triceps brachii, particularly the lateral and medial heads. Standing facing a cable machine with a straight or angled bar attachment, you extend your elbows to push the bar down until your arms are fully straight, then return to the starting position with control. The cable resistance keeps tension on the triceps throughout the movement, making it effective for strength and muscle development.', NULL, '0000-00-00 00:00:00.000', NULL),
(29, 'tricep pushdown with rope', 'Tricep Pushdown With Rope is an isolation exercise that primarily targets the triceps brachii, especially the lateral head. Standing at a cable machine with a rope attachment, you push the rope downward by extending your elbows, then separate the rope ends at the bottom of the movement before returning to the starting position with control. The rope allows for a greater range of motion and improved muscle contraction compared to a straight bar.', NULL, '0000-00-00 00:00:00.000', NULL),
(30, 'smith machine skull crushers', 'Smith Machine Skull Crushers are an isolation exercise that targets the triceps brachii, especially the long head. Performed lying on a flat bench under the Smith machine bar, you lower the bar toward your forehead by bending your elbows, then extend your arms back to the starting position. The guided bar path improves stability and control, helping maintain proper form and constant tension on the triceps.', NULL, '0000-00-00 00:00:00.000', NULL),
(31, 'squat', 'Squat is a fundamental compound lower-body exercise that primarily targets the quadriceps, glutes, and hamstrings, while also engaging the core for stability. Standing with your feet shoulder-width apart, you bend your knees and hips to lower your body as if sitting back into a chair, then drive through your heels to return to a standing position. Squats help build strength, power, and muscle mass in the legs and improve overall functional movement.', NULL, '0000-00-00 00:00:00.000', NULL),
(32, 'barbell lunge', 'Barbell Lunge is a compound lower-body exercise that primarily targets the quadriceps and glutes, with additional activation of the hamstrings and core. With a barbell placed across your upper back, you step forward into a lunge position, lowering your back knee toward the floor while keeping your front knee aligned over your foot. You then push through the front heel to return to the starting position. This exercise helps improve leg strength, balance, and unilateral muscle development.', NULL, '0000-00-00 00:00:00.000', NULL),
(33, 'barbell front squat', 'Barbell Front Squat is a compound lower-body exercise that primarily targets the quadriceps, while also engaging the glutes, hamstrings, and core—especially the upper back to keep the torso upright. With the barbell resting on the front of your shoulders in the rack position, you squat down by bending your knees and hips, then drive back up through your heels to stand tall. The front-loaded position increases quad activation and encourages better posture compared to the traditional back squat.', NULL, '0000-00-00 00:00:00.000', NULL),
(34, 'leg press', 'Leg Press is a compound lower-body exercise that primarily targets the quadriceps, with secondary activation of the glutes and hamstrings. Seated in a leg press machine with your feet on the platform, you push the weight away by extending your knees and hips, then lower it back in a controlled motion without letting your knees collapse inward. The machine provides stability, allowing you to safely use heavier loads to build leg strength and muscle mass.', NULL, '0000-00-00 00:00:00.000', NULL),
(35, 'seated leg curl', 'Seated Leg Curl is an isolation exercise that targets the hamstrings, with some involvement of the calves as stabilizers. Seated in a leg curl machine, you flex your knees to pull the pad downward toward the back of your legs, then slowly return to the starting position. This exercise helps build hamstring strength and improves stability and knee joint function.', NULL, '0000-00-00 00:00:00.000', NULL),
(36, 'barbell rows', 'Barbell Rows are a compound back exercise that primarily targets the latissimus dorsi, rhomboids, and trapezius, while also engaging the lower back, biceps, and forearm muscles for pulling strength and stability. Bending at the hips with a flat back, you pull the barbell toward your torso, squeezing your shoulder blades together, then lower it back under control. This movement helps build a strong and thick upper back and improves overall pulling power.', NULL, '0000-00-00 00:00:00.000', NULL),
(37, 'deadlift', 'Deadlift is a full-body compound exercise that primarily targets the glutes, hamstrings, and lower back, while also engaging the upper back, core, and forearms. Starting with the barbell on the floor, you hinge at the hips and bend your knees to grip the bar, then stand up tall by driving through your legs and extending your hips, keeping your back straight. The deadlift is one of the most effective movements for developing strength, power, and overall muscle mass.', NULL, '0000-00-00 00:00:00.000', NULL),
(38, 'chin-up', 'Chin-Up is a compound upper-body pulling exercise that primarily targets the latissimus dorsi (lats) and biceps, with additional activation of the upper back and core. Hanging from a bar with an underhand (supinated) grip, you pull your body upward until your chin passes the bar, then lower yourself back down with control. This movement helps build back strength and arm muscle development.', NULL, '0000-00-00 00:00:00.000', NULL),
(39, 'muscle-up', 'Muscle-Up is an advanced compound bodyweight exercise that combines a pull-up with a dip movement. Starting from a hanging position on a bar or rings, you explosively pull your body upward until your chest reaches above the bar, then transition by leaning forward and pressing down to lock out your arms at the top. This exercise primarily targets the lats, upper back, chest, triceps, and core, building upper-body strength, power, and coordination.', NULL, '0000-00-00 00:00:00.000', NULL),
(40, 'pull-up', 'Pull-Up is a compound upper-body exercise that primarily targets the latissimus dorsi (lats), while also engaging the upper back, biceps, forearms, and core. Hanging from a bar with an overhand (pronated) grip, you pull your body upward until your chin rises above the bar, then lower yourself down with control. Pull-ups build significant back strength, grip power, and overall upper-body pulling capability.', NULL, '0000-00-00 00:00:00.000', NULL),
(41, 'hip thrust', 'Hip Thrust is a compound lower-body exercise that primarily targets the gluteus maximus, with additional activation of the hamstrings and core. With your upper back supported on a bench and a barbell positioned over your hips, you drive through your heels to extend your hips upward until your body forms a straight line from shoulders to knees, then lower back down under control. This movement is one of the most effective exercises for building glute strength, size, and power.', NULL, '0000-00-00 00:00:00.000', NULL),
(42, 'cable crunch', 'Cable Crunch is an abdominal isolation exercise that primarily targets the rectus abdominis, with involvement of the obliques as stabilizers. Kneeling in front of a cable machine while holding a rope attachment, you contract your abs to pull your elbows down toward your knees, then slowly return to the starting position while maintaining tension. This exercise emphasizes spinal flexion and helps build core strength and definition.', NULL, '0000-00-00 00:00:00.000', NULL),
(43, 'crunches', 'Crunches are an abdominal isolation exercise that primarily targets the rectus abdominis (the “six-pack” muscle). Lying on your back with knees bent, you lift your shoulders and upper back off the floor by contracting your abs while keeping your lower back grounded, then lower yourself back down under control. This movement focuses on core flexion and helps improve abdominal strength and muscle definition.', NULL, '0000-00-00 00:00:00.000', NULL);


INSERT INTO `workout_templates` (`id`, `name`, `user_id`, `updated_at`, `deleted_at`) VALUES
(1, 'example FBW', NULL, '0000-00-00 00:00:00.000', NULL),
(2, 'example PUSH', NULL, '0000-00-00 00:00:00.000', NULL),
(3, 'example PULL', NULL, '0000-00-00 00:00:00.000', NULL);



INSERT INTO `exercises_muscle_groups` (`exercise_id`, `muscle_group_id`) VALUES
(1, 1),
(1, 2),
(1, 4),
(2, 1),
(2, 2),
(2, 4),
(3, 1),
(3, 2),
(3, 4),
(4, 1),
(4, 2),
(5, 1),
(5, 2),
(5, 4),
(6, 1),
(6, 2),
(6, 4),
(7, 1),
(7, 2),
(7, 4),
(8, 1),
(8, 2),
(9, 1),
(9, 2),
(9, 4),
(10, 1),
(10, 2),
(10, 4),
(11, 2),
(11, 4),
(12, 2),
(12, 4),
(13, 2),
(13, 4),
(14, 2),
(15, 2),
(16, 2),
(17, 2),
(18, 2),
(18, 3),
(18, 7),
(19, 2),
(19, 4),
(19, 7),
(20, 2),
(20, 4),
(21, 3),
(21, 5),
(22, 3),
(22, 5),
(23, 3),
(23, 5),
(24, 3),
(24, 5),
(25, 3),
(25, 5),
(26, 4),
(27, 4),
(28, 4),
(29, 4),
(30, 4),
(31, 10),
(31, 11),
(31, 13),
(32, 10),
(32, 11),
(33, 10),
(33, 11),
(34, 10),
(34, 11),
(34, 12),
(35, 12),
(36, 3),
(36, 5),
(36, 7),
(36, 8),
(36, 9),
(37, 5),
(37, 7),
(37, 9),
(37, 10),
(37, 11),
(37, 12),
(38, 3),
(38, 5),
(38, 8),
(39, 1),
(39, 3),
(39, 4),
(39, 5),
(39, 8),
(40, 3),
(40, 5),
(40, 8),
(41, 10),
(41, 11),
(42, 6),
(43, 6);

INSERT INTO `workout_templates_exercises` (`workout_template_id`, `exercise_id`, `position`) VALUES
(1, 1, 1),
(2, 1, 0),
(2, 8, 2),
(1, 12, 3),
(2, 12, 1),
(3, 24, 2),
(3, 25, 3),
(2, 30, 3),
(1, 31, 0),
(3, 36, 1),
(1, 37, 2),
(3, 40, 0);